2.105596797661823949e-02,6.023431282861879676e-01,6.387839094669243156e-01,5.408801974553534286e-01,-4.141153006902940081e-01,-3.533356323423375578e-01,-7.766248528342738489e-01,-3.916272328698799932e-01,-1.756316803687723027e-01,-2.992510843301532386e-01,-3.413284278680417394e-01,-9.026731045356319871e-01,-4.142569461303540201e-01,6.910551190929183907e-01,4.470204031342162043e-01,-6.162885093886192323e-01,-2.492136369669453178e-01,-6.739431622309299819e-01,1.145300067286427748e-01,-8.336614933552823903e-01
-2.895883439436697238e-02,-2.460621389563555361e-02,-1.168114540063647233e-01,2.170993964702498946e-01,1.447859898672398948e-01,9.095505514631407884e-02,5.139896898836973094e-01,-8.349205641980459447e-01,1.386618849686787058e-01,-8.479020197345299437e-01,-1.648770896056561686e-01,-4.472651807811467428e-01,5.175025440794371878e-01,3.471414201644156261e-01,-4.769954487014915756e-01,6.003150625017363851e-01,-6.670916030917568573e-01,-6.626379138098745791e-01,8.494817482347334359e-01,-9.133732136582455308e-01
-3.919380066517486050e-02,-9.230811585599929536e-01,-7.874966762484707505e-01,2.834925806303456586e-01,-2.456257792764640069e-01,-3.770586515049387799e-01,7.460517344011672325e-01,-3.364732033423509794e-01,2.820562359651845874e-02,-4.415824791238187608e-02,-6.629766227227646969e-01,1.072678045195023522e-01,4.225262626669277211e-01,1.881745637627960654e-01,-9.791468701509462580e-01,2.466741432136427825e-01,-2.003890038231017634e-01,-4.780022307275539895e-01,-4.832577959203521178e-01,6.361010276931367002e-02
-9.005807606983511349e-01,3.598339061288282625e-01,-1.679894161746706693e-01,2.754577227479193535e-01,-3.271211676877492369e-01,-8.842476531653780114e-01,-2.981286910977987148e-03,1.897858301901209632e-01,5.789837776616209020e-01,6.286412713554114795e-01,1.478599860607812122e-01,9.749842019701837614e-01,-3.689550054855175176e-01,7.598608323387763264e-01,-1.572075045752596711e-01,-5.753583381115221496e-01,-2.048100161299410971e-01,9.048833721805704666e-01,3.093044061550989099e-01,-5.096666172140611462e-01
5.877817815878048080e-01,-4.366493497100329968e-01,1.381333560632931334e-01,3.320884593825423892e-01,8.070690025910043364e-01,6.458169450974238224e-01,3.341313616082774995e-01,6.134817481999133015e-01,-4.895826512941225950e-02,-6.082781174755194087e-01,-5.262960443518043263e-01,-4.893950733379184292e-01,3.266450066184305445e-01,-3.330044388877608785e-01,-4.326434759777142425e-01,-2.476004326292979840e-01,5.586341937217909059e-01,-7.320347748672730859e-01,2.990003154743847702e-03,-7.223536253006508367e-01
-8.053313928883512052e-01,8.754515818407797578e-01,7.838781911404897329e-01,8.275738778571668508e-01,5.420172776344438503e-01,4.860659590531484220e-01,-8.007970346790556082e-01,-3.263668558940602260e-01,5.332139256452443909e-01,-2.807905118953890611e-01,-9.593960306327042886e-02,-2.038630587809548977e-01,-8.717454631972043622e-01,-7.025063116272369790e-01,2.069230550577727534e-02,2.004656601464716026e-02,6.690967905308478070e-01,-5.305332451636697311e-01,-9.354297002156772844e-01,-9.913194071933306706e-01
-5.599283431929797938e-01,8.762721366934549394e-01,2.956334005659209119e-01,-2.787749748637964320e-01,-1.514687352570784906e-01,8.431460888454258562e-01,-5.222683545864654775e-01,-3.353669118325817156e-01,-2.109382549363474357e-01,9.583165186413051817e-01,7.996886721600253711e-01,5.155460395925142159e-01,1.584623529624145100e-01,4.905739911779418705e-01,2.975911643417197272e-01,-8.393813604477506907e-02,-9.069744535477242131e-02,-3.051462658335002409e-01,6.938413802754717086e-01,9.474575219903627055e-01
-1.752531426448833418e-01,5.983179478515381344e-01,6.315177077219629176e-01,-1.226688752715463515e-01,-3.417969359483761238e-01,4.878934857551178172e-01,-6.595600235311538384e-01,-1.557846740380939288e-01,-4.732282356364243547e-01,-2.486761377283748242e-01,-9.202313106559425471e-01,4.220480808863507072e-01,-2.109790574457015566e-02,1.241333860418967205e-01,2.810343510194868166e-01,1.901434710863694200e-01,4.542039293740196548e-01,-9.107422117792896010e-01,-9.044353745362516683e-01,9.821981458433786116e-01
7.465990520687113552e-01,7.316515453779972589e-01,1.604641516163902715e-01,8.471744195171164726e-01,-7.986684350083255168e-01,2.352053335893709018e-01,-7.413645497442304944e-01,9.114144955985750141e-01,-9.884898413826397334e-01,-2.137368991717236710e-01,6.254025694485521036e-02,7.726712218073765737e-01,2.879711642434825691e-01,9.612890378244434153e-01,3.893100341535538078e-02,5.473075721710967123e-01,8.340831170627271973e-01,-9.856542870097262377e-01,-2.246349499924960025e-01,5.746575236571769274e-01
5.314204264568669345e-01,-5.625183759321534804e-01,-7.111423230798274986e-03,-8.920704600491293768e-01,-4.115638646635124687e-01,6.917397818250126118e-01,-8.441986696610448426e-02,-7.432226417677274544e-01,-2.857712976881852107e-01,-8.883647267485657029e-01,5.703500729163253347e-01,6.235437369008265396e-01,8.956454860982541177e-01,2.840014640254657774e-01,1.222190756876679885e-01,3.905317477439300689e-01,5.385111759322984692e-01,-7.070398293771618103e-01,1.626178434955476426e-01,-9.394959221479703970e-02
8.570111962592410482e-01,-3.781514679844586446e-01,-2.732766114222719978e-01,-3.982829841563757522e-01,2.020836665542784516e-01,8.299979776233541440e-01,7.939019125834869683e-01,-7.709083511244918530e-01,9.938843059440980454e-01,-5.947106858742756685e-02,6.366867405459657459e-01,-1.537035116303029358e-01,2.582840052586627966e-01,8.829261393484277853e-02,-8.937970309911695832e-01,-4.213407088076361884e-01,-6.004861417880003049e-01,5.371692591966648056e-01,3.677239305761019761e-01,7.666402615798846298e-01
-1.377827687520076783e-01,-9.385621758470781284e-01,6.720235792776514394e-01,-4.216563723289059595e-01,-1.114627374817689365e-02,-5.197903083561188353e-01,6.819875250163853764e-01,-9.035649218862875642e-01,-9.667432729779550371e-01,-7.467618067161125861e-01,-3.798715299372166232e-01,2.602408832410985084e-01,3.199358889783603388e-01,2.435938728071715964e-01,-1.108780710604955200e-01,-9.110471341071055829e-01,2.977201081478320077e-02,5.486446669066127324e-01,-6.539488212789068555e-02,-7.992881771877811126e-01
6.190545765564674507e-01,-5.502561319378398430e-01,6.657314830634313285e-01,3.431757905571359846e-01,6.261912286436188690e-01,-8.462465920757242799e-01,9.496814392821792961e-01,-5.820262762791512667e-01,-4.308100045551654933e-01,2.942198747410462722e-02,6.960553355673204656e-01,9.283008463540292077e-01,-8.229035120190464347e-02,-3.058791122112380911e-02,5.153546849198100688e-01,-2.977518965122825101e-01,-8.687750463892478514e-01,1.675562245439587983e-01,6.902409103420228398e-01,7.555643814677375225e-01
-8.143878454161188607e-01,-2.311509148358352750e-01,3.226041151826255504e-01,6.196963451587291782e-01,5.722521518080216918e-01,5.599635431339093916e-01,5.550397834030083022e-01,-8.201443653845923443e-01,-1.298035875947807227e-01,5.786348948381454527e-01,-4.073718437720512675e-01,4.565312682714295356e-02,1.119013119806979706e-01,-8.100623557329660329e-01,-9.551933801677618963e-01,2.019369422356713795e-01,6.485455134884825501e-01,-9.340802937508978498e-01,1.160132106116000816e-01,-3.197317025678194646e-01
-7.862326732287607811e-01,-5.372976783654848099e-02,-6.898139366737916500e-01,6.620459318701918949e-01,3.166066477369433585e-02,-8.341010574019169788e-02,4.748021738476659870e-02,-1.644162185725916991e-01,1.394792632889376716e-01,-7.433034980038588646e-01,8.008701166843208430e-01,9.388131161505484101e-01,4.901436074845373358e-01,5.338604836056934921e-01,7.644676174053020024e-01,-8.061647222264205492e-01,8.608459731608686383e-01,9.860239817130955764e-01,-8.878733759379797696e-01,-6.540928400618792882e-01
2.249131151686967200e-01,2.622018759073612149e-01,3.369784509823123830e-01,8.720740469119185878e-01,5.563795447877080136e-01,-7.065651222499542694e-01,-9.432277773841324375e-02,-3.401279200035598471e-01,2.146019291029550580e-01,8.441590290956346720e-02,-3.445765276370029717e-01,1.251982767906896221e-01,4.654059409553581439e-01,-3.740273846590866924e-01,-5.679186052665157192e-01,2.889870861461252272e-01,2.881803140780190287e-01,4.754878374960114229e-01,-2.229487327432648769e-01,-7.078481752926391035e-01
5.330639784460189379e-01,7.290266304864438940e-01,2.691157305119262766e-02,-4.832599143705547107e-01,-4.649313364294107576e-01,-9.946865181510236020e-01,-5.045998180574355896e-01,3.336117244598644227e-01,-3.440055664310743833e-01,-3.138866606778236701e-01,-6.470733196358260386e-01,8.409562472438347758e-01,6.853409537382366690e-01,-2.159998803711553617e-01,7.175201867973246550e-01,5.255304678885805991e-01,8.997780151096019807e-01,-7.944166721477390336e-01,-6.836175860333759680e-01,8.115570200555468627e-01
-1.049377373458377782e-01,-8.981666371851915187e-01,8.780385543125122094e-01,1.353752644254644366e-01,8.311019377986397227e-01,-8.966793432890525217e-01,6.867403603779937971e-01,1.287194008043999194e-01,6.305809652963891843e-01,7.328054141374389374e-01,-2.946778567537755578e-02,6.510785249841097855e-01,-2.346012234620151737e-01,6.932041596762472668e-01,-4.614020654276211886e-01,8.163096611165907568e-01,2.619585034278637536e-01,-3.432316286085514978e-01,2.792565423139237168e-02,-9.553024492726549521e-01
5.483671978961022209e-01,5.804350764949219865e-01,-3.611076667406070140e-01,-9.311937494656139513e-01,6.302769632849636317e-02,-2.194964234811711545e-01,-8.956924330565008141e-02,-2.917671727152844063e-01,-1.909423877130047575e-01,-4.824680293593039959e-01,-8.861164351642658588e-02,-4.649427169361166623e-01,-9.386714623849718997e-01,-5.193009287085375014e-01,6.621817669371750092e-01,4.088009230137596983e-01,6.626946057455262995e-01,-7.438656578722964152e-01,-4.375165078946672281e-01,7.470135063060396874e-01
5.763779073012047505e-01,2.109186835529255344e-01,1.904257621790479416e-01,-1.713164498990833451e-01,-8.079548186064424709e-01,-5.201641848331834961e-01,-7.385001273969846736e-01,-1.318035353632556195e-01,-8.926189940121072031e-01,-2.344188697318769776e-01,-6.511004618048843451e-01,-3.020658638101103577e-01,4.582475965770160808e-01,9.567725832983504652e-01,2.023690508294369028e-01,1.139504146642247306e-01,2.365653730554380108e-01,-3.683238449481367471e-01,-7.107586172280133674e-02,-8.793499686930774661e-01
8.211528742940221726e-01,-1.147198248702894219e-01,1.066133449279418333e-01,-3.911283540848844442e-01,-5.612992737086694994e-01,-4.685522425006636293e-01,-1.144981392209432070e-01,-9.886304110467756256e-01,6.078965941111136306e-01,6.521070961365058594e-01,5.948898939841213984e-01,4.681575022624477889e-01,-3.238195896587603428e-01,5.238367200275415581e-01,-9.729028414496483368e-01,-9.951978867634803105e-01,9.743309272962599188e-01,-1.125533953609896276e-01,-8.937280132517870790e-01,7.086928609188760664e-01
4.595639048437620833e-01,-6.335637194548726647e-02,9.463113510670384532e-01,5.842019112704059935e-01,7.501070748806837329e-02,-2.639829490707223947e-02,-5.235659585199243793e-01,9.529676429095708112e-01,9.407195884736248015e-01,-6.691647619430023397e-01,7.814642291657249995e-01,1.480100502159782394e-01,7.140620656335456840e-01,7.336550895064415378e-01,6.226940040761954620e-01,-4.956486090759126828e-01,-7.924301290776019080e-01,2.557626863269035766e-02,-6.148257704760937692e-01,-7.695856159219311987e-01
8.379197154089736976e-01,-8.030203784971403635e-01,-1.075623934981049246e-01,-6.825340215600173011e-01,5.427311131382881459e-01,-2.812736655201224512e-01,-5.904786303012679038e-01,-5.435172168193345144e-01,-2.497121069047174569e-01,5.840353671923166345e-01,2.873714389495432009e-01,-6.097382980277827880e-01,4.980607139115438287e-01,2.061093196713408293e-01,-1.205650626875305331e-01,-5.679310145289171441e-01,-1.528740873742158168e-01,4.921108016036201960e-02,8.486494536905000441e-01,9.592532799920627795e-01
-3.493115330531426643e-01,-3.382035619929522063e-01,-1.252851815847153549e-01,9.910462638378643163e-01,-4.948518609371763688e-01,-6.467108199545439362e-01,-8.986304229347750194e-01,4.888905432152723662e-01,-5.659872724655916620e-01,7.867605253275142818e-01,-8.998582123662353105e-01,1.553312057740616758e-01,-4.540590956402632550e-01,-5.131428465060137167e-01,-6.795255199836414128e-01,6.462637859252091665e-01,6.728730478448670116e-01,6.192952747800515301e-01,-8.030182254113436002e-01,8.960891976577372020e-01
-6.806462932670491739e-01,9.748099640682537093e-01,3.652917536506867791e-01,-2.897146969269963623e-01,3.970614997850083761e-01,6.267819541517620774e-01,-8.839848596351189691e-01,-7.494452843327041869e-01,-9.969440471290089700e-01,5.249607844966754922e-01,7.017329885559171476e-01,-9.409097733019911036e-01,5.256834184826104650e-01,9.290323438375733822e-01,1.070794418304532591e-02,-9.138066349276090516e-01,-7.130409690817964830e-01,-7.398124954178717516e-01,-2.043257157564164483e-01,-3.918347583419798941e-01
-5.940442848878533244e-01,-3.399944266920389424e-01,-8.064578241256485924e-01,1.891432898439204813e-01,4.887359119634981930e-01,9.224068950764883201e-01,6.151751966596361587e-01,2.815209183684166394e-01,4.936437408249014780e-01,5.045634836295140868e-01,8.934934509698200245e-02,7.252714740454480058e-02,9.243356337558406022e-01,-6.121451175638117359e-01,-6.679295708124819431e-01,-8.016824705247362903e-01,-5.146605077064489997e-01,-5.954709846007582019e-01,2.741487967745188659e-01,-6.940013840866769979e-01
-4.507838389413196811e-01,-5.135959464024917320e-01,-8.808992787814262648e-01,-6.071506912168445069e-01,5.458203695107144426e-01,6.797887108898021946e-01,-2.440490306824982802e-01,8.315852070108760152e-01,4.123413310073424931e-01,-2.049000911636051914e-01,4.475523627639959034e-01,-7.188089140337166061e-01,-8.019812141997697541e-01,2.126704872564606497e-01,-7.072445443516284236e-01,-9.128446624016017807e-03,-8.350790149564406573e-01,5.100739401106999527e-01,-3.234533901100564712e-01,-8.224781337363418210e-02
-2.395030599599830001e-01,9.051526778355329927e-01,8.217613366859648494e-01,-1.520705777574806739e-01,5.808334038229343577e-01,7.621166803261780753e-01,-3.449324467412211437e-01,1.892799029247003162e-01,-3.393339915412951768e-02,-6.597608613160599322e-01,8.784823451059287081e-01,8.259095227927788496e-01,7.319732701221186577e-01,9.715703481179245316e-01,-3.119579608470588461e-01,4.022953949818468544e-01,-2.098564047580668834e-01,-4.462275558068766745e-01,-1.397584890748850839e-01,-6.502177936360793442e-01
-7.383152796666374584e-01,-6.892994799081346713e-01,3.181985638434496888e-01,6.445975570950168709e-01,-8.818565132620981295e-02,7.471555129380185178e-01,7.933825515573791343e-01,-2.569366118620002304e-01,-3.509094903611069682e-01,-3.208731784756229111e-01,9.870503244499388984e-01,-3.412922242227300895e-01,8.838317771643970922e-01,7.731669808749019879e-02,1.485553581895722175e-01,9.432759780318868970e-01,-4.145826610434322212e-02,-7.190555887524054945e-01,-7.100474375915657443e-01,1.425509265525886082e-01
-6.578606867779199785e-01,-2.010638971111042839e-01,-3.838637390319752374e-01,-6.728647343750826515e-01,-4.982363561935103657e-01,-9.622406401953151889e-01,9.716431481800549275e-01,-8.229703742500371622e-01,3.101522573936466021e-01,-1.519916828209779691e-01,-1.537015492956457230e-01,-3.393545801915933691e-01,-9.801530189143574656e-01,-6.943476886184243302e-01,-6.092255542124522805e-01,1.558545227874108541e-01,7.102329101730542327e-02,-9.816770030051293894e-01,-4.187664597103530895e-01,4.647849175136418154e-01
9.971219444247647612e-01,8.486383928096228324e-01,-6.224883818824493709e-01,1.733591955625168879e-01,2.698516761361444694e-01,-3.096620777111640521e-01,3.233562904571514185e-01,-8.386995294162911119e-01,8.810488001832228466e-01,-2.679591067873110521e-01,1.504689847667606273e-02,3.291009483624829368e-01,-3.566276307927482847e-01,1.345407767538482346e-01,-7.646149285851135957e-01,6.909763562172694940e-01,-5.505228745324095563e-01,-9.147573418131416112e-02,3.889744934766590223e-01,2.921603718537864047e-01
-8.360061697173080120e-01,-1.634492898047503751e-01,-4.432738192919674081e-01,3.334258812820924955e-01,-7.964115617636091660e-01,-1.817300735115956467e-01,2.553531295672932799e-01,6.997242316493221814e-01,7.694801844429863813e-01,6.182324636785239136e-01,-2.289646745969220465e-01,1.157317114966047722e-01,-3.000502788032093360e-01,-2.453746350884820071e-01,-6.784949928982819678e-01,-6.385102045124337877e-01,8.112021968056453147e-01,-5.178029298258590707e-02,7.145927892054613206e-01,-2.315671077414593881e-02
-6.773612399484529867e-02,-3.164288060642663769e-01,-4.973614798387244740e-01,-6.894669363681167340e-01,8.406479831705346850e-01,2.986266319799344426e-01,4.316969021123884254e-02,-9.153262928752308181e-01,-9.024840362329200616e-01,-3.903932700367531705e-01,5.658716207189258274e-01,8.820572508531050460e-01,-8.901057393934250772e-01,2.879397660316582730e-01,5.817282417444478160e-01,3.813644886867122441e-01,7.344499319953801120e-02,-4.258402616435879029e-01,-3.556281998612247364e-01,5.127874536606615852e-01
-1.595930247058121587e-01,-4.285006961616288912e-01,-2.679311584487031883e-01,6.143151012905254671e-01,-4.919521486069009519e-01,9.241131995107474406e-01,-9.787949898179526542e-02,-4.337297335370049467e-02,5.886633566579768662e-02,-7.082950565508552287e-01,-3.352994976101490998e-01,4.387810117811936639e-01,4.679878574522118306e-01,8.693123243631097896e-01,-8.577228832756773613e-01,5.628316307252512196e-02,4.795064405205353708e-01,8.742596368677912899e-02,-3.787354936243607639e-01,5.798743628529647864e-01
-4.556864966854101695e-02,-3.513380247811492829e-02,-8.746468895632970586e-01,-4.003300251516701547e-01,-5.940783303383421199e-01,2.787176168680358668e-01,-5.439690276103010813e-01,-7.226112092827698952e-01,-8.380266811593795051e-01,-9.197031498740646516e-01,7.594068930872865941e-02,2.096126234454136483e-01,-6.081222679185804836e-02,4.252323462042879587e-01,-3.925678578977862543e-01,-8.754142473855106577e-01,2.392086305909324473e-02,-6.094338245263548615e-01,7.248724950488660834e-01,-3.864280547569216573e-01
-9.246186125801971745e-01,-9.871802932160993471e-01,8.792651259379373752e-01,-7.728310386239667373e-01,-8.555814345204411087e-01,-7.638889442832548227e-01,-9.287323144164210120e-01,-5.897058360611580063e-01,-7.840689824590267865e-01,1.387504639527408212e-01,-8.554966666920762464e-01,1.298833907422827227e-01,-8.649607413266258149e-02,8.587916469372227635e-01,2.015277776092951889e-01,-1.298655937366388624e-01,-3.663069446998199474e-01,3.521398719078618900e-01,5.981626191801798775e-01,-9.125699442588028898e-01
2.084467460855687904e-01,-7.131303114686287081e-01,4.382745470147113576e-01,9.502508888408851551e-01,4.059151259788233990e-01,8.308359882624489767e-01,-9.373265003242443605e-01,-6.094841163376214510e-01,1.818234468766242173e-01,-8.586971942219778775e-01,-9.705803772498324822e-01,-9.620401608603930121e-01,8.653100492088185991e-01,-1.765314790305172465e-01,8.157582231889113356e-01,8.588418370019343939e-01,-9.168611910258017694e-02,-8.293022560202261140e-01,-4.087503004779904359e-01,7.918626085430333639e-01
-1.556477320391969066e-02,6.984408442606393486e-01,4.932571668628105144e-01,6.813251628337928523e-01,5.850784862612121717e-01,-1.769035060245285340e-01,-6.209644937784479790e-01,-8.733672155712608465e-01,-8.346721862258053015e-01,-1.452031317165662916e-01,5.430810710568629851e-01,2.582787601587726023e-01,-6.084375542633886358e-01,7.681648710350574838e-01,-8.087900545999091584e-01,-4.546305430638293288e-01,-5.542356835834578721e-01,9.327433636157291819e-01,8.802965898312298254e-01,9.099874564632393081e-02
7.175133016772021755e-01,8.349710282765103742e-01,3.408546370433829242e-01,8.019111220455983347e-01,-6.082051221891144888e-01,1.078731118031270864e-01,-9.270327019912332212e-01,7.022234697475779885e-01,7.057571959718309529e-01,3.764216880654345232e-01,9.449150248609994307e-02,-1.881299716558351154e-01,-3.194603193302636424e-01,-8.662974317974660998e-01,-2.376312011786467782e-01,-1.692820380895423416e-01,5.555932815920661128e-01,-9.179818138253745818e-01,-9.979572245908214789e-01,-8.127141454538200360e-01
-4.809668036204288732e-01,3.249171725137671718e-01,8.799385034948603579e-01,7.630807957560041821e-01,-9.880611137710717529e-01,-2.957498024246851820e-02,-3.561589194617926779e-01,-5.497694752914052962e-01,-8.683612451290279033e-02,9.408603137557738361e-01,7.016108897980777304e-01,5.034482580867130075e-01,6.350575665019859706e-01,2.390002191007458698e-01,-5.348324175982301920e-01,-9.683784365234933134e-01,2.287672674296696851e-01,4.268354380144938620e-01,3.340604332442076441e-01,2.606353015429037079e-01
-7.583474807255168315e-01,-3.418126167704673701e-01,1.420233877050440796e-01,3.949022117061029569e-01,-9.201897711325868201e-01,2.501816432101795495e-01,7.691399712246478337e-01,6.116836685051247890e-01,-8.541280544569238575e-01,-2.022560678062088613e-01,3.440162464327991554e-01,6.716942647083468110e-01,2.919899807683854487e-01,-7.962123731434198604e-01,2.388024471861420750e-01,3.142174401193398303e-02,-5.759194679099830516e-01,8.869347722762885855e-01,-9.209625063097146569e-01,9.209087626981915520e-03
-5.361823620333028284e-01,4.810406696852900232e-01,9.595142899340070031e-01,-8.139393159014480794e-01,-6.851799101378859280e-01,-8.663065367299909170e-01,8.012248670438268938e-01,7.577611484402513309e-01,-5.365889136830825912e-01,-5.481213643484608156e-01,-1.445836084783658215e-02,6.665504069187639935e-01,2.714889545006182736e-02,9.872570300584726510e-02,4.295639346891255705e-02,-1.825527984185957298e-01,7.448624548912241572e-01,-1.643530256341636520e-01,9.599316272111355630e-01,2.008563899709523426e-01
5.180836510347912593e-01,5.274811112872643815e-01,-4.983815853960771314e-01,-8.365153737190822447e-02,8.493667294098528053e-02,1.022649535645354657e-01,3.049417035142774068e-01,-3.707500347286387665e-01,-2.338572863774655008e-01,-3.050578700241743935e-01,5.496918127086927175e-01,8.431590507600723594e-01,-6.316363555126565110e-01,3.385153954837318846e-01,-4.282836801284495287e-02,3.793767978306943345e-01,1.057655975575768625e-01,4.751849039895585936e-01,-3.413145228139533582e-01,-2.049703137349612181e-01
1.221267785189787958e-01,4.635532825344188534e-01,7.997624032284100792e-01,-6.294680049058190008e-01,6.165608335461965073e-01,-1.543937261590930810e-01,3.455602068727829934e-01,-9.197950812768644901e-01,-2.929005864039435636e-03,7.177291435688357701e-01,-3.573425580497782139e-01,-2.146912447340563190e-01,-8.379112011545857275e-01,7.441270599482265879e-01,5.543630620300799006e-01,1.747967824191736241e-01,-9.828448258559707718e-02,-9.778799526940458176e-01,-2.569459636708122385e-01,5.916471424007232471e-01
1.336052931381075393e-01,-4.783009627612859749e-01,-6.120384226716766296e-01,-3.816809749539509244e-01,-4.464125872675317463e-01,-2.067072274828567480e-01,-2.281912495232656379e-01,2.982077591630527547e-01,-3.943770486337581094e-01,8.375471071175155657e-02,-2.308072544716173180e-01,-1.855449118901231209e-01,6.171026935581203077e-01,9.777311726742496933e-01,2.059815650405718568e-01,2.216071124273693016e-01,9.553684971663867209e-01,5.591840413268751586e-01,-5.513439679818434858e-01,-9.372382575574809138e-01
1.578657666109226643e-01,5.753452769457796379e-01,-3.962356725292526249e-01,9.325874566132792420e-01,7.650910728150384088e-02,5.018512605931735315e-02,-3.435943889771928550e-01,1.896338651651938711e-01,5.114416299894664064e-02,-9.055634640160947768e-01,-3.159817851734896266e-01,9.983309065732264287e-01,8.412965696713727848e-01,-5.800978265962573044e-01,-7.727937587043687273e-02,-2.006900160798810173e-01,8.391020136374980343e-01,5.106497836804215762e-01,-3.600281798069031591e-01,9.396886587583108685e-02
4.902666279797156523e-01,9.511847096278998048e-01,1.093874934384777564e-01,-3.713774068675923523e-02,8.377626252860943534e-01,-9.859100880873215011e-01,-7.691669775812792764e-02,-9.630652513231729994e-01,-6.844765847827349869e-01,-9.324583343328538554e-01,-2.990283561672695267e-01,-2.812036237789417026e-01,-8.690422634701293614e-01,-6.602498342518234864e-01,-9.960090127080858391e-01,6.836655414819301502e-01,-3.239409374082602433e-02,-5.043791980121463681e-01,-5.941534532056100826e-01,-6.835802791974316950e-01
-3.512989133047790258e-01,-2.073379508528860882e-02,9.357441962560364423e-02,-5.151728204238006370e-01,-2.329732728888562754e-01,6.798771796885192398e-01,2.477047727352221784e-02,-7.860027787543908406e-01,-9.522781825756179153e-01,7.065248827438286305e-01,7.438715416442074346e-01,4.610791646474090566e-01,4.085234093366947317e-01,-2.637006027146213682e-01,4.024389448957712556e-01,7.963102423545771469e-01,-5.633181225645562673e-01,8.338658310882545166e-01,6.107198802807627391e-01,7.456313582917963867e-01
2.645333332142367766e-01,-8.485338557967976314e-01,-1.525211556596162144e-01,8.252209802789842730e-01,8.262143315591878867e-01,-2.497331057005649502e-01,-9.590345835721891810e-01,5.836541570764173237e-01,9.797189968557247219e-01,-5.676195282751053117e-01,4.600388262148076279e-01,-1.597117119641195959e-01,9.036090171295232398e-01,5.516910777281782696e-01,-4.535088027348253004e-01,7.309325751978701380e-01,-4.964974598440510256e-01,4.499839004587482538e-01,-9.404724077130377502e-01,-5.915747818456669194e-01
-1.567396309516824182e-01,-6.796917041512271496e-01,3.531942341409790576e-01,1.539471728021375441e-01,-8.309741945743871483e-01,1.089402155560883489e-01,9.028390818424112396e-01,4.307243526678430356e-01,1.368383186402266638e-02,-3.358509482371105914e-01,6.253387633668376910e-01,-6.786178936972733222e-01,3.175427531587415864e-02,6.561679190778701987e-01,5.439159718424606549e-01,-7.020083713867688591e-01,1.166572916512631508e-01,2.895208887812590337e-01,-3.177577227694297068e-01,-5.271013475128181192e-01
1.079653245428471298e-01,-3.873283787117633992e-01,7.273582225757608821e-01,-3.092432850106185960e-01,4.228112786043203286e-02,5.717897264909401756e-01,4.368169990299428651e-01,7.598632766854021003e-01,1.084431414650812719e-01,2.850718863055627939e-01,-2.612597491409147654e-01,-5.373528053740930233e-01,9.490760918404506086e-02,-9.404888337963115408e-01,-8.980161002662503389e-01,-2.327522113983040430e-01,8.397130974682867066e-01,-1.394325981726938224e-01,5.734804778616029441e-01,-8.541868082988750555e-01
5.509482161189145355e-01,-3.276367776762054707e-01,-9.630668405424058776e-02,-3.454755824285622445e-01,9.223124630996681894e-02,4.089423944582626369e-02,-5.743513346359896410e-01,1.320600035732648614e-01,-9.780154244220873316e-01,2.298520142464863802e-01,1.899745940619166351e-01,4.301825583637119976e-03,7.901590967842844204e-01,7.375391181421706577e-01,4.501905022162702164e-01,8.632214338863100078e-01,-3.488035648752336737e-01,-8.815477297595641915e-01,-1.076748213191207615e-01,3.483917609838906859e-01
-8.004419929081905138e-01,4.007530841670714494e-03,-2.186411048320793249e-01,-8.895292916204440292e-01,-2.723152262877213126e-01,6.431014252823645805e-01,1.250320692086845931e-01,-6.249206827341990955e-01,2.170260577835476656e-01,3.904317396386549621e-01,-5.444216658996661184e-01,9.704645497360748774e-01,2.697234284279950156e-01,2.524978353601443626e-01,8.071667571345080283e-01,4.647584289834705285e-01,-6.691977330008775926e-01,4.963642653999127408e-01,4.965803323327924179e-01,-5.812505111883989883e-01
4.743393835672593539e-02,-7.972290954694447596e-01,9.355282231657457981e-01,1.156871930583660557e-01,-1.002094701701521373e-01,7.734259073210814073e-01,-8.304002188622796599e-01,-4.286361557197926331e-02,6.729751784726389907e-01,-1.367690317077847606e-01,5.841329665725401021e-01,-5.203081555598636498e-01,5.189158916347080819e-02,-5.638164742963438503e-01,7.744121900913927270e-01,3.966448682263750136e-01,6.216202778579484889e-01,4.111627359024749850e-02,4.840966623010185543e-01,8.949071091884119866e-01
-3.728063123296523340e-01,-6.012216246362536154e-01,1.831595275590482963e-01,-8.490860814051728322e-01,-1.847139945407201278e-01,-2.886297554099381824e-01,-2.044408285041248163e-01,4.787809608899689096e-01,4.331073958978544081e-01,-7.220374764755308483e-01,9.202910333746319171e-01,-8.131117361525144194e-01,7.556557669617991468e-01,-7.040796453166566771e-01,9.835860482965130824e-01,4.454190916948956858e-01,4.631301281922817203e-01,3.862670125659481979e-01,-6.880711172427338429e-01,-1.854345651830191510e-01
1.011595369663691457e-01,9.631241380124255791e-01,7.941111392587438811e-01,-2.385853110190352400e-01,-8.937839417949307030e-01,-4.156104708676795489e-01,8.830324391189661171e-01,6.330659774147675556e-01,-6.189193483907908799e-01,4.500089815352645850e-01,-1.160568011012761414e-01,3.477082644961226876e-02,-1.701229463509714712e-01,4.422091522108395623e-01,7.147351202130123315e-01,6.058921055576675929e-01,-9.827208233093396306e-01,3.853520523576552392e-01,5.343482469631744003e-02,-6.841701211325321719e-01
7.036250368107592745e-01,7.151920707708381286e-01,4.813801754341897610e-01,-5.790331281873570823e-01,-6.472713167695827163e-01,3.023134578233421799e-02,-8.626727281624513299e-01,-2.428376592952528057e-01,5.955869090763286078e-01,-8.255020127250316531e-01,1.553095418527150606e-01,-6.443600640614577379e-02,9.585965361710473420e-01,-6.170591040570938546e-01,-7.129370329691653296e-01,-4.022232590905834293e-01,7.975268700636612973e-01,9.051137502982671279e-01,5.879298842825271265e-01,-1.949836518889747072e-01
-8.237570742064810325e-01,8.090371982185005084e-01,-5.183649662509293154e-01,-1.268727140185836877e-01,-1.809611512706561509e-01,4.369691512680100587e-01,4.492120641210666232e-01,6.705480202442155591e-01,9.903335553399275071e-01,6.128510292051456698e-01,-9.445388203368938473e-01,2.761357679057838688e-01,3.617857745481272147e-01,-2.606322430202214768e-01,4.843130612169765925e-01,-3.265100728267420482e-01,3.194193214764862176e-02,-2.975267454156762525e-01,-7.834702577379404342e-01,1.495142249990848438e-01
5.963003898077587905e-01,2.437326297848967371e-01,-6.098243136407801579e-01,-4.078759263209761343e-01,9.504896800279416524e-01,4.210041535946955626e-01,4.898506021295319091e-01,8.376674010890785560e-01,-6.688291350668520430e-01,5.334742267300298657e-01,3.155179213117087489e-01,7.917422552682058523e-01,7.812063658265242516e-01,-3.779292658191579779e-01,5.228873615955131893e-01,-7.445145210706871630e-01,-1.497945936501896558e-01,1.437324729022091407e-01,-1.150352448279967632e-01,9.124381680145443596e-02
6.301610710991822906e-02,9.621984111607269075e-01,5.804145292356563957e-01,-8.993597790955352167e-01,-8.409514295976592280e-01,6.847363140221585098e-01,-5.718489413063427840e-01,3.868450937460363726e-01,4.083843705962471038e-01,3.817348089000287548e-01,2.584065987227126548e-01,-8.392390663300086651e-01,4.008383636032946118e-01,2.656510952999693309e-01,-2.943305644952671773e-01,9.921024209882500777e-01,6.724207319754946788e-01,3.837709322821496460e-01,-2.264541872891114860e-01,4.886594247587940920e-01
4.917983463662540800e-01,2.066519680245846313e-01,-8.732984223039228500e-01,8.563286235423392956e-01,-7.209845324363939323e-01,-5.104397862334146829e-01,9.039544343778249669e-01,2.442982675651386160e-01,-6.913056080335882037e-01,-1.464576018371144261e-01,-8.769516013307920854e-01,3.711577974637689792e-01,4.371844241589510904e-01,7.449584316933799411e-01,1.672723362824630744e-01,-3.660957467861578607e-01,5.291467499271040875e-01,-2.128384161594620849e-02,7.841790727166850772e-01,-3.960278537952994782e-01
-1.267100639649287874e-01,-7.326352921290859577e-01,9.147839192574303002e-01,2.999762959194747225e-01,4.274402105567651766e-01,-1.879351406941376368e-02,5.723228825074768711e-01,2.041494161181092171e-01,7.207819330791687129e-01,9.943388008140350287e-01,-6.888614757400295385e-01,9.087355266324093073e-01,-6.543994480788701829e-01,-5.488007372654490901e-02,-9.709420392228411689e-01,-5.950921846749273048e-01,-8.436121108436478444e-02,3.643158212071391233e-01,6.262167330323160641e-01,-2.763814416431111809e-01
3.750783688658883008e-01,-7.185298093396399466e-01,-1.300853866002558146e-01,-1.800928807048776115e-01,-5.550678023218600377e-01,9.943841664136934266e-01,-2.946050577942425086e-01,3.621059132971737871e-01,-8.046453981446781700e-01,-7.937421785710860878e-01,2.320550212527037193e-01,6.543497467097301179e-01,-8.458288097972628261e-01,-2.815123239060284277e-01,-1.546352539580220231e-01,1.117822240786976451e-01,1.585248635949376705e-02,6.124364268655635435e-02,5.444664238377416865e-03,9.139536538141468380e-01
-9.559220723394596941e-01,1.349096776411651266e-01,-5.910122954866685596e-01,-5.546988087526381062e-01,-2.595599047792345182e-01,3.835713411134309414e-01,-6.597951659493839216e-03,5.180049556453591997e-01,1.201402252869800957e-01,8.485494316565882489e-01,-7.228675054325603977e-01,-3.623085786093385163e-01,8.785723768958435542e-01,2.874182427249918348e-01,-9.788505535969915794e-01,7.557612726687010785e-01,-3.404157224421771044e-01,3.632299885119028016e-01,-8.692654747467836174e-01,-1.054357993774650559e-01
1.386584430396837764e-01,-4.923864504641577433e-01,-1.857953287913456375e-01,2.985691076449219494e-01,-4.170150785528514703e-02,7.724600498077707211e-01,-9.586488552822469700e-02,-3.032502301246073895e-01,7.044375302066456790e-01,-7.096461047030566682e-02,6.522911730726321800e-02,1.994327081786484435e-02,-7.866036710415846844e-01,7.355343604368425048e-01,6.168234069806310949e-02,-7.828147295953711282e-01,-8.666615605404028866e-01,-5.636520397110516001e-01,3.242257070095064808e-01,5.677992993954830148e-01
-6.258703044588911357e-01,6.855404125667181603e-01,1.567264670478696331e-02,3.275973342071105687e-01,5.626441316042132268e-01,-1.002812949623590466e-01,2.777694335616665011e-01,-3.583996565602634021e-01,-1.696637840983246104e-01,3.376854100879005394e-01,7.370243558801528039e-01,-8.191844763071545188e-01,-6.715175139945070981e-01,-4.437126753332507612e-01,-5.200580359411630660e-01,-9.062972254670333960e-01,-6.631377835753164973e-01,-4.144058482371544283e-01,-7.333761124893474204e-01,5.862490088217329198e-01
-1.169913932221411379e-02,-5.298324605401742993e-01,-9.652670111232770633e-01,-4.846153138154807305e-01,6.355885985578566544e-01,8.947690218457093891e-04,-9.760113371857463971e-01,-9.453086714909726407e-01,-7.325380704318980030e-01,9.529830144949502646e-02,4.113730577855483350e-01,9.114195993820877195e-01,-8.527301175406820644e-01,9.152141940344820092e-01,-9.260654076288825642e-01,-8.383291995135291330e-01,-3.899752024913616388e-02,-6.090892473586850819e-02,-4.588898351203076764e-01,-4.537942309160090115e-01
-2.374637796372440768e-01,5.195806956457968973e-01,-8.320682026987398228e-01,9.760669837630335799e-01,-4.106444222245160258e-01,7.910212997515100319e-01,3.250056298559302892e-01,-6.793947434870692970e-01,-5.576281078779981026e-01,-9.999295669727847891e-01,8.360615399171382744e-01,-6.394332673171962966e-01,-6.353475196423741256e-01,-3.084372831678277027e-01,-7.155043617646836829e-01,2.548510759223523436e-01,3.503219483260249234e-01,-8.139450829395298292e-01,-3.175155900459654124e-01,-3.902376796292372774e-02
5.052574232514799313e-01,-3.566515317026199838e-01,-8.877708065062495102e-01,2.076403463310807496e-01,-5.180736725881429638e-01,-5.737396291347709454e-01,-4.861769896561212168e-01,-7.460605740236418981e-01,-1.096678947150548922e-01,1.403288886022924231e-02,-8.742591497502389952e-01,-7.206314203256622974e-01,6.933661731259039840e-01,-3.057449553457050051e-01,9.950471265245064423e-02,3.346110056396074395e-01,-3.925289750942113631e-01,8.635948390462107049e-01,-1.916219365018871912e-01,-8.300052998159235251e-01
-3.491250421576521656e-01,-9.216329940789664832e-01,-8.741039026209942442e-01,-8.095138524182168283e-01,2.107111566343149445e-01,-4.068933759434096853e-01,-6.223578845068944432e-02,6.287463135753923460e-01,-8.353763898462718274e-02,-9.012083228492775433e-01,3.767638769473451443e-01,-4.362003140362220588e-01,3.652887631401675606e-01,1.661730929921749755e-01,-9.492257162020587558e-01,5.440682472220426114e-02,-9.754988719790402829e-01,1.780547883678131882e-01,5.547085065155961114e-01,-7.733513719496964978e-01
9.885264550325612021e-01,-7.359864153426014521e-01,6.718580466447727773e-01,6.506128511712665485e-01,6.026374267075740310e-01,2.325094249682781999e-01,-8.608572572269224121e-01,-3.686957556765932953e-01,6.858138584404811500e-01,-2.344392628273697099e-01,2.193446553137767818e-01,-6.810143187662365261e-01,9.894604961824848832e-01,-6.300741881057638771e-01,4.909536303072161711e-01,-6.575641383581405375e-01,-4.789438740675022732e-01,-8.764303532082198256e-01,-3.449240547682013158e-01,9.539549943429523893e-01
-5.650207309619470486e-02,2.849745639666665387e-01,1.009186451093166959e-01,-6.346485173158364912e-01,3.705436968865178926e-01,5.680634635042414171e-01,1.448112351112560425e-01,2.863840034462270534e-01,7.158345933463283739e-01,-5.721639602373282951e-01,-4.337638938976593472e-01,4.502046161925494783e-01,-4.269880530771443805e-01,3.968808856648762262e-01,9.711802986155901873e-01,-8.835254891396997490e-01,-7.762047107408496238e-01,9.474089351435321937e-01,7.742434900148649213e-01,5.341933276374477568e-01
8.198095608474622598e-01,-7.476356815016924617e-01,-6.359958660969289301e-01,8.859815383437756875e-01,-2.657015852921971177e-01,-2.252554137409805701e-01,-2.368157175387457514e-01,1.731115630973953934e-01,3.624115408913715086e-01,2.059203366566195736e-01,3.381129569648337885e-01,4.529276104753678922e-01,-5.077399164530873588e-01,-8.830994433162167034e-01,5.339948874042750315e-01,-2.110717425602441910e-01,5.775188372301172102e-01,8.226544718996491312e-01,-9.860610372374876142e-01,5.643964404522698874e-01
-4.711407436992414155e-01,6.644171190119929626e-01,8.282866050816810599e-01,-2.889139963130313848e-01,-6.774829367685490933e-01,4.812723050555838267e-01,9.371656779378987334e-01,-4.010174475262506810e-02,-7.311114259390600889e-01,7.113404297545864452e-01,7.331178165575453765e-01,-5.716045877047908341e-01,4.031071453843568797e-01,1.551085231128308539e-01,4.738576689164062383e-01,-7.939651706403330067e-01,-5.041438444534789287e-01,4.333593761486493889e-01,4.593710683749192558e-01,2.178395118605427339e-01
-1.435136362269673338e-01,-6.322628278451656314e-01,-1.339292710020154598e-01,-4.303045052591447650e-02,-5.974799142657920559e-01,3.349171088301543531e-01,6.939417975395265614e-01,9.761164531574892944e-01,6.233914668777824630e-01,-7.676658275591246028e-01,-9.792711668331790520e-01,1.689692493143806207e-01,-5.103522910809301649e-01,-6.660012747308479142e-01,-2.632758770573702112e-01,-5.822158753244965901e-02,-9.115744462811143922e-01,7.917581120810979201e-02,-4.149095362742052373e-01,1.840092308475338445e-01
-4.400997114837057467e-01,-4.662851364156304079e-01,8.320874683035193176e-01,5.490287373786428837e-01,3.108537615095929851e-01,9.666110734107000724e-01,-4.646678904768901663e-01,8.330965256480258319e-01,3.965198699210794597e-01,-7.554351280543494251e-01,2.362279203748867129e-01,3.615792364528427338e-01,8.380334478792728081e-01,9.413280280440745607e-01,-1.340392810515926847e-01,5.280464795465276140e-01,-2.947777465505687644e-01,-3.298512975193412800e-01,2.049841143038451108e-01,-5.735511432154722922e-01
-5.171578107261611823e-01,6.665188620653506035e-02,8.332124153725484206e-01,6.746490181433251188e-01,-4.788556248744162414e-01,2.299172016709454258e-01,-4.142216529754254584e-01,9.729728421681942407e-01,9.225709187510386933e-01,-3.551442107060205355e-01,3.177729548889529632e-01,-8.302994748192296104e-01,-8.209690146982475678e-01,-6.912166646897435207e-01,-2.638323371825093133e-01,-8.208820554119966584e-01,3.207647558546120603e-01,-6.609475196507494932e-01,8.333660445132788919e-01,-2.738651116246182404e-02
-2.623731693230548778e-01,-1.016690008691814029e-01,4.596722001853537076e-01,6.432943010702838471e-01,-3.711112729009251598e-01,-8.327488096213013780e-01,-7.391402912248872248e-01,-7.543177717434059737e-01,2.987495983011569933e-01,-1.526180430113617259e-01,9.228474426326787050e-01,-6.497115621817659559e-01,4.671499377698515865e-01,2.229965171589722850e-01,-5.450173001248692639e-01,-3.340553807798098962e-01,1.897841666886155298e-01,-8.048901499351281963e-01,-3.171841027340243091e-01,-4.842348490415411266e-01
-3.605053512512543801e-01,-9.671527701318201053e-01,-1.986645680793763802e-03,-2.322365850497942752e-02,1.843697662363139589e-01,5.020060560734616040e-01,6.511950320038961681e-01,-4.008487806755423044e-01,3.551013699014671232e-02,-1.230789232245823595e-01,-8.557689350957637942e-01,3.088763013578605943e-01,6.440266123959768052e-01,1.859767947511408170e-01,3.824824786514158248e-02,7.505756002681034378e-01,7.214933798591305347e-01,-9.287278844242987663e-01,-7.579560410341383836e-01,1.527431223088311363e-01
5.316255600010069138e-01,5.972594913398514560e-01,-2.925825600164599916e-01,2.065374206565133708e-01,-8.233430570094291134e-01,-8.884627992567906141e-02,6.585796274271886741e-01,7.974472759935522514e-01,-1.489004203782082758e-01,-3.668863360571359422e-01,6.358020478247026208e-01,-8.277200141938576561e-01,7.150462028329629405e-02,-2.464488976147740651e-01,-2.298310824771820915e-01,-5.760742692294833489e-01,-3.638822667888348406e-01,-8.399793279649676592e-01,-5.480416401419443417e-01,-2.720496228054267718e-01
-5.989041347967922757e-01,-4.066890269783454137e-01,4.128515838947006689e-01,4.432217403440796843e-02,1.891062362540461006e-01,-4.451079845286853853e-01,3.133043435172222502e-02,-9.220287117957919332e-01,-9.653011265917987860e-01,-1.978272630618647110e-01,5.009994822441405926e-01,1.960243884217880428e-01,-1.417356571196348725e-02,-4.091146825484450744e-01,-6.023211892802957657e-01,3.248809674837276340e-01,-3.313580577995534071e-02,5.435967057817265857e-01,-8.218372164394027735e-03,-9.718066609138016343e-01
2.753286388154645437e-01,-4.558602841960213148e-02,-8.218963575681654810e-01,-6.081175089024593028e-01,-6.663128192475620271e-01,3.159312478340652319e-01,-9.483673360951077047e-01,3.596035291725696581e-03,3.593068298798183235e-01,-2.903314042716242938e-01,-1.793536871186740544e-01,-7.534467891400309369e-02,8.822343094393805263e-01,4.210992818339001076e-01,-1.067633516116099912e-01,-5.469764809498189884e-01,6.541310576943022426e-01,6.728981030347034320e-01,-4.224844212427418810e-01,4.340541150496355360e-01
-7.851062138694291370e-01,-5.170567592604227158e-01,8.661953253343424031e-02,-3.925567383829284829e-01,-8.297476894780655421e-01,1.397590283517891052e-02,3.504309223271191431e-01,-9.352793146092337473e-01,5.811113680255604041e-01,-3.921756409264332000e-02,1.705985003822463320e-01,-5.063914796136552710e-01,2.377281112432760857e-02,2.407830167454720893e-01,-7.184315204366826801e-01,3.839435510571156396e-01,-9.219925951152592170e-01,5.575684710721247050e-01,8.800746173492512980e-01,-6.092220919751856201e-02
-6.178892616388307335e-01,-7.941692869704957136e-01,2.932988417246127355e-01,-1.415853671383293655e-01,-6.353286749249962284e-01,-6.103390459336091034e-01,-4.890777185177779263e-01,-2.141032118908134940e-01,6.390332057149341605e-01,5.010169321168729262e-01,7.257961214897532543e-01,-4.047080741046318320e-01,8.255337085297334010e-01,-6.466888839046567306e-01,-9.414279618776610903e-02,9.909912871109884946e-01,-9.824353378316599272e-01,-8.078769364384543739e-01,-4.218325525220969485e-01,-1.565673605393620438e-01
6.421619472075699164e-01,-3.404258571989715598e-01,-1.582951442768749661e-01,5.464461972779304233e-01,-9.343482830596292477e-01,3.681916856202378519e-01,1.752488106043135208e-01,9.834373635682802650e-02,3.065094027011698863e-01,3.458895878577048499e-01,-9.643618577769830225e-01,-8.149363217001623916e-01,8.846766815579225618e-01,2.481384126005079516e-01,8.702021402798298944e-02,-6.574712217012350646e-01,3.495030743450626698e-01,7.064891057814559616e-01,6.309927009556117738e-01,2.256700401509943443e-01
3.788079791072176405e-01,-4.833340030702786283e-01,7.338545262301021666e-02,-8.971119687765116701e-02,9.751059150731897773e-01,6.263786647217917114e-02,2.546146187496514113e-01,9.191650985768331505e-01,-3.358283905117718238e-01,-9.302488223399143497e-01,5.112441977117401226e-01,5.628794787693540691e-01,6.685036410217961578e-01,5.428928616325698897e-01,1.777443766843913586e-01,-7.543438504005177681e-01,-6.223977004297798210e-01,1.822749054796772850e-01,2.946354453291852860e-01,4.135314045886646639e-01
2.388266789844168958e-01,5.189843355319279095e-01,-2.185793575040999581e-01,-1.643709955137306888e-01,-4.046056864724212332e-01,4.489138944735142633e-01,8.714764968373200915e-01,9.193026024735113655e-01,3.825418107762192932e-01,5.375160807708112554e-01,-8.917567975636353506e-01,6.492845364359773885e-01,-8.393225574536034017e-03,-6.295992605435138945e-01,-2.316633116214410482e-01,9.236371480571725634e-01,8.453309240327568919e-01,-4.803075624433621460e-01,-6.964888422563206838e-01,4.554481598533297593e-01
-9.140531913266924935e-01,7.872774590478206491e-01,-5.809813427571695055e-01,6.629748255375049748e-01,-4.833909500038513496e-01,5.388821456737133975e-01,1.446237154184033535e-01,-6.338777965319075669e-01,-9.837464742754198355e-01,-5.018249036620763270e-01,-1.911475563039866099e-01,6.533173172907251747e-01,5.918816626465195352e-01,-9.241926810701939221e-01,-6.005825067573731246e-01,-2.646489337296333844e-01,-3.390235879953817921e-01,-8.433697643396713683e-01,4.198312992945973932e-02,-3.872101433292436390e-01
5.367833472200866929e-02,-4.744821924446422923e-01,5.860699107993621038e-01,7.561716111800254048e-02,-6.810253558816135033e-01,-1.350825275353635391e-01,-2.483473665200119918e-01,8.069054488102940237e-01,-7.234655564348178025e-01,5.950053341922234562e-01,-3.045510040795513795e-01,-5.699791631764699051e-01,3.376284266216975638e-01,4.997609296397271805e-01,-2.753800817307410220e-01,7.006844912512852908e-01,-8.002270038832888233e-01,-5.248006956212984964e-01,-9.578588442189832630e-01,-2.337484072092295140e-01
-8.847208367815044827e-01,8.552068122661911076e-01,5.278480771420712703e-01,-7.507517348139847169e-01,-1.284269354386191608e-02,-3.499368198604397850e-01,-7.244210257671344078e-01,7.399886572262839302e-01,-1.044822399889924203e-01,-3.992321098247408884e-01,-4.291780838072145610e-01,9.615414398145418762e-01,1.696183370404669155e-02,9.685953835146503543e-01,-6.192071923216873053e-01,-7.693858349833431198e-01,1.084067610246746138e-01,-8.264233758701040600e-01,-8.733519169602446119e-01,-5.908537071182857758e-01
-1.506238144344811403e-01,4.545495507670855861e-01,9.395827867162451774e-01,4.526841332390039163e-01,-5.930955233489283440e-01,-6.099225559349377157e-01,5.596920948877128765e-01,-3.820723566534627302e-01,5.246011883014318755e-01,-8.443899612142382605e-01,-7.826490208410834537e-01,4.326617996415274003e-01,-6.581645531241862024e-01,5.190923140527572421e-01,-3.693891228931416304e-01,-9.691932739244313311e-02,8.440721731171370035e-01,-7.381792483398794680e-01,-6.265391486493137041e-01,8.285671434962820214e-01
-8.220964360994866826e-01,6.651300936107680251e-01,6.192792884228872641e-01,9.580827762715882212e-01,4.582450026115643116e-01,-1.554576279326120858e-01,-3.749698932819651720e-01,-9.587740275065683715e-01,-3.420645250941329873e-01,-1.041481918210418467e-01,8.950079801494756904e-01,2.693237450149699175e-01,-7.325515423107149537e-01,3.800549314513930188e-01,-4.952014589794115906e-01,-4.272036147027109543e-01,-6.729926004791393357e-01,5.473695555513136135e-02,6.075053621451198538e-02,4.414423664968600836e-01
-5.286164267903536995e-02,3.261771626102099031e-01,-3.850657126374916750e-01,8.090713487462120046e-01,8.272722414505162547e-03,-5.057272422703773529e-02,9.455359225022497149e-02,9.675595671647470031e-01,6.320053988546154855e-01,7.786491038945588805e-01,9.774914181941833924e-01,-7.086198940297967486e-01,2.762142185155509466e-01,4.732457601995867513e-01,5.519739142431678847e-01,-6.897016957346420174e-01,-6.888011237256252972e-01,6.256870977145476687e-01,4.683604405580137353e-01,-7.307867264500234050e-01
1.665413113013090030e-01,2.624078692764477694e-01,4.470045192862590611e-01,2.943552069800250415e-01,-7.383506848944054735e-01,8.222117483775868152e-01,5.765520739122247385e-01,7.774550439836946936e-01,-8.832618835993444328e-02,-1.107904017722649570e-02,7.300674256074144441e-01,2.942463500942471555e-02,6.455788362524048640e-01,9.154905903233141462e-01,2.642009357943475578e-01,9.389255583837075037e-01,-8.638417534595554947e-01,-5.586503942241747289e-01,8.964624271703507397e-01,6.138803265422687616e-01
4.635920938601767460e-02,7.342010871122934823e-01,-8.854534737902501895e-01,8.277828619166416324e-01,-7.178136284736247319e-01,-1.589553498392557440e-01,8.168026936927252901e-01,5.916916945017360874e-01,-9.838219948405584336e-01,-9.273270755251228348e-01,-3.891311434605415620e-02,-7.189290028660000331e-01,-2.181506816562306383e-01,6.493411220077154322e-01,-7.700805913480566200e-01,8.195908261686524199e-01,-8.577349692876052867e-01,5.933936239977644078e-02,5.916821421523454916e-02,4.787470901446528870e-01
-6.961692303045752261e-02,9.515495908236912825e-01,9.642283848150896564e-01,4.080602721092430052e-01,4.703859859598864546e-01,9.618675806371301817e-01,-2.218353473962977329e-01,-9.664736186191729139e-01,9.417641727317367373e-01,-4.057839190163967658e-01,7.583748251741053714e-01,5.969531613971446049e-01,2.813223860378781804e-01,-1.565968749623460887e-01,7.466483840972457653e-01,-8.197590292562573211e-01,6.963852070096219204e-01,-4.006540627982018155e-01,1.307905517791481120e-01,-6.267865436088002618e-01
-8.969471731877167731e-01,-1.264474287722081591e-01,-4.577707320083979070e-01,-3.500853051704946317e-01,4.012248340793134194e-01,9.123074532509869439e-01,9.840364829878547326e-01,-2.711095474895151014e-01,-2.867591601490528941e-01,-4.556669876915344641e-01,-9.839036419759050744e-01,7.453314529341370509e-02,-5.412016753920652068e-01,-4.107015833766154422e-01,-5.923797149206611046e-01,4.079384168788846576e-01,-5.269052498995461242e-01,6.245353976533682960e-01,-2.624327885174289055e-01,2.362846792533053186e-01
-9.374997914152736200e-01,-8.196863463314283393e-01,-9.076011672159101096e-01,-2.541074370957192574e-01,-2.159991587929233070e-02,-3.341905941280780556e-01,2.591894927916058577e-01,1.516794806409464957e-01,2.321963991275484140e-01,-1.294579851036958829e-02,-1.436089416908903349e-01,5.055924964058240434e-01,-2.998392035925123711e-01,4.843040975010011184e-01,5.793830949736249458e-01,7.258253741227687073e-01,-4.285562283026269625e-01,-3.680636998395716564e-01,1.560877926984940434e-01,4.997310616868055888e-02
-2.902219187005894430e-01,-5.029049939805017022e-01,5.823413128046199816e-01,-4.719227949999791338e-01,6.023738671643747988e-01,3.964754004200135018e-01,-7.595893599940550800e-02,8.125349450959351572e-01,7.315544810524294839e-01,-1.675406001337176320e-01,-6.889931765997325819e-02,1.327349681683061000e-01,6.010444912461767597e-01,8.969879548961923188e-01,-6.265407268570304389e-01,-2.261833882071293544e-01,6.607597865041665575e-01,-3.157890786383921178e-01,7.490089994814086438e-01,-4.206946502062725024e-02
-3.027803345244195476e-01,7.368707559733098655e-01,5.329297733998794584e-01,-1.155786592661738332e-01,-2.092981527331394531e-02,5.980843449717108129e-01,5.762146247874311289e-01,-9.359849927963714844e-01,-2.630528881114080342e-02,-6.656468954397705140e-01,1.169665456680977211e-01,-2.474612042045374327e-01,5.794070775998561018e-02,-1.145558288307497730e-01,-2.723584293387348865e-01,2.300442851112975973e-01,1.098010002205473956e-01,4.002647703757749031e-01,-8.911249169450279339e-01,-7.430055830313515575e-01
